capacity_factor,series,event_id,gap_policy,max_daily_recurrence_error_mm,max_balance_error_mm,floor_correction_sum_mm
1.0,daily,,daily,0.0,3.941291737419306e-14,0.0
1.0,experimental_hourly,historical_hourly_20250624,silo_fraction,,1.9595436384634013e-14,0.0
1.0,experimental_hourly,historical_hourly_20250624,zero_missing,,1.891195533509915e-14,0.0
1.0,experimental_hourly,historical_hourly_20250706,silo_fraction,,1.7544993236029427e-14,0.0
1.0,experimental_hourly,historical_hourly_20250706,zero_missing,,1.8214596497756474e-14,0.0
1.0,experimental_hourly,historical_hourly_20250726,silo_fraction,,3.1252778143198157e-14,0.0
1.0,experimental_hourly,historical_hourly_20250726,zero_missing,,3.485406407932601e-14,0.0
0.5,daily,,daily,0.0,1.9484414082171497e-14,0.0
0.5,experimental_hourly,historical_hourly_20250624,silo_fraction,,1.856501063990379e-14,0.0
0.5,experimental_hourly,historical_hourly_20250624,zero_missing,,1.8530316170384253e-14,0.0
0.5,experimental_hourly,historical_hourly_20250706,silo_fraction,,1.8166024240429124e-14,0.0
0.5,experimental_hourly,historical_hourly_20250706,zero_missing,,1.6903145549918008e-14,0.0
0.5,experimental_hourly,historical_hourly_20250726,silo_fraction,,1.857541898075965e-14,0.0
0.5,experimental_hourly,historical_hourly_20250726,zero_missing,,1.9047263766225342e-14,0.0
0.25,daily,,daily,0.0,1.7763568394002505e-14,0.0
0.25,experimental_hourly,historical_hourly_20250624,silo_fraction,,8.604228440844963e-15,0.0
0.25,experimental_hourly,historical_hourly_20250624,zero_missing,,9.823739044456659e-15,0.0
0.25,experimental_hourly,historical_hourly_20250706,silo_fraction,,9.055256544598933e-15,0.0
0.25,experimental_hourly,historical_hourly_20250706,zero_missing,,9.287709490379825e-15,0.0
0.25,experimental_hourly,historical_hourly_20250726,silo_fraction,,9.2148511043888e-15,0.0
0.25,experimental_hourly,historical_hourly_20250726,zero_missing,,9.251280297384312e-15,0.0
