label,scenario,variable,value,training_z,training_min,training_max,outside_training_range
EOG,baseline,soil_clay,27.95,-0.9275098616396172,20.0,42.75,False
EOG,baseline,soil_sand,58.25,0.7911737401391398,43.35,69.3,False
EOG,baseline,soil_awc,11.5,0.7988558401788065,9.7,13.05,False
EOG,baseline,soil_bdw,1.5374999940395355,1.1128526023240963,1.3389999985694885,1.5390000283718108,False
EOG,baseline,twi,2.520943693326543,-1.1743416750813993,1.3356331591417845,11.967049557363564,False
EOG,baseline,slope,13.558080311123378,2.8008862317088905,0.1004626974463462,14.734651565551758,False
EOG,baseline,elevation,427.5592346191406,0.7330542827120519,63.74617004394531,932.1000366210938,False
EOG,baseline,aridity,0.4254909007743327,1.2061550856470844,0.1485536547433903,0.6045656334866568,False
EER?,baseline,soil_clay,27.7,-0.9752664228428817,20.0,42.75,False
EER?,baseline,soil_sand,58.5,0.8310340729075877,43.35,69.3,False
EER?,baseline,soil_awc,11.15,0.29421276065121815,9.7,13.05,False
EER?,baseline,soil_bdw,1.5470000207424164,1.3470152550946504,1.3389999985694885,1.5390000283718108,True
EER?,baseline,twi,3.187063721892906,-0.894064139349744,1.3356331591417845,11.967049557363564,False
EER?,baseline,slope,20.38690190826517,4.582698988902995,0.1004626974463462,14.734651565551758,True
EER?,baseline,elevation,426.8507080078125,0.729547287200827,63.74617004394531,932.1000366210938,False
EER?,baseline,aridity,0.4254909007743327,1.2061550856470844,0.1485536547433903,0.6045656334866568,False
EOR?,baseline,soil_clay,25.3,-1.4337294103942204,20.0,42.75,False
EOR?,baseline,soil_sand,60.85,1.2057212009309983,43.35,69.3,False
EOR?,baseline,soil_awc,11.05,0.15002902364333617,9.7,13.05,False
EOR?,baseline,soil_bdw,1.5379999935626985,1.1251769060749837,1.3389999985694885,1.5390000283718108,False
EOR?,baseline,twi,3.865609533724593,-0.6085583147755569,1.3356331591417845,11.967049557363564,False
EOR?,baseline,slope,18.5312743353234,4.098518689998618,0.1004626974463462,14.734651565551758,True
EOR?,baseline,elevation,424.3123168945313,0.7169830078954622,63.74617004394531,932.1000366210938,False
EOR?,baseline,aridity,0.4254909007743327,1.2061550856470844,0.1485536547433903,0.6045656334866568,False
AER,baseline,soil_clay,26.45,-1.2140492288592042,20.0,42.75,False
AER,baseline,soil_sand,60.2,1.102084335733034,43.35,69.3,False
AER,baseline,soil_awc,11.3,0.5104883661630425,9.7,13.05,False
AER,baseline,soil_bdw,1.5144999623298645,0.5459333075277765,1.3389999985694885,1.5390000283718108,False
AER,baseline,twi,4.6193543660890155,-0.2914116518231713,1.3356331591417845,11.967049557363564,False
AER,baseline,slope,20.041408134448385,4.49255090039889,0.1004626974463462,14.734651565551758,True
AER,baseline,elevation,466.8766784667969,0.927663909057771,63.74617004394531,932.1000366210938,False
AER,baseline,aridity,0.4254909007743327,1.2061550856470844,0.1485536547433903,0.6045656334866568,False
AOG,baseline,soil_clay,26.9,-1.128087418693328,20.0,42.75,False
AOG,baseline,soil_sand,59.35,0.9665592043203108,43.35,69.3,False
AOG,baseline,soil_awc,10.75,-0.28252218738031243,9.7,13.05,False
AOG,baseline,soil_bdw,1.4814999938011169,-0.26747074003064153,1.3389999985694885,1.5390000283718108,False
AOG,baseline,twi,7.830136506494909,1.0595612471917066,1.3356331591417845,11.967049557363564,False
AOG,baseline,slope,20.371547852774775,4.578692726393677,0.1004626974463462,14.734651565551758,True
AOG,baseline,elevation,468.35833740234375,0.9349976790997866,63.74617004394531,932.1000366210938,False
AOG,baseline,aridity,0.4254909007743327,1.2061550856470844,0.1485536547433903,0.6045656334866568,False
AOR,baseline,soil_clay,26.9,-1.128087418693328,20.0,42.75,False
AOR,baseline,soil_sand,59.4,0.974531270874,43.35,69.3,False
AOR,baseline,soil_awc,10.65,-0.42670592438819444,9.7,13.05,False
AOR,baseline,soil_bdw,1.4949999809265138,0.0652854612432602,1.3389999985694885,1.5390000283718108,False
AOR,baseline,twi,3.364973740859299,-0.8192064867354077,1.3356331591417845,11.967049557363564,False
AOR,baseline,slope,22.526478066425987,5.140968675607792,0.1004626974463462,14.734651565551758,True
AOR,baseline,elevation,472.9408264160156,0.9576796336576541,63.74617004394531,932.1000366210938,False
AOR,baseline,aridity,0.4254909007743327,1.2061550856470844,0.1485536547433903,0.6045656334866568,False
AEG?,baseline,soil_clay,28.45,-0.8319967392330883,20.0,42.75,False
AEG?,baseline,soil_sand,57.65,0.6955089414948645,43.35,69.3,False
AEG?,baseline,soil_awc,11.6,0.9430395771866885,9.7,13.05,False
AEG?,baseline,soil_bdw,1.5294999539852143,0.9156625669716209,1.3389999985694885,1.5390000283718108,False
AEG?,baseline,twi,3.6902929290276223,-0.682324759004928,1.3356331591417845,11.967049557363564,False
AEG?,baseline,slope,20.529433813219395,4.619889178006912,0.1004626974463462,14.734651565551758,True
AEG?,baseline,elevation,461.9272766113281,0.903165845311315,63.74617004394531,932.1000366210938,False
AEG?,baseline,aridity,0.4254909007743327,1.2061550856470844,0.1485536547433903,0.6045656334866568,False
EOG,moderate_1m,soil_clay,27.95,-0.9275098616396172,20.0,42.75,False
EOG,moderate_1m,soil_sand,58.25,0.7911737401391398,43.35,69.3,False
EOG,moderate_1m,soil_awc,11.5,0.7988558401788065,9.7,13.05,False
EOG,moderate_1m,soil_bdw,1.5374999940395355,1.1128526023240963,1.3389999985694885,1.5390000283718108,False
EOG,moderate_1m,twi,1.3178991922819938,-1.6805362551392669,1.3356331591417845,11.967049557363564,True
EOG,moderate_1m,slope,14.98652243179382,3.173603011217275,0.1004626974463462,14.734651565551758,True
EOG,moderate_1m,elevation,426.8092346191406,0.7293420062902979,63.74617004394531,932.1000366210938,False
EOG,moderate_1m,aridity,0.4254909007743327,1.2061550856470844,0.1485536547433903,0.6045656334866568,False
EER?,moderate_1m,soil_clay,27.7,-0.9752664228428817,20.0,42.75,False
EER?,moderate_1m,soil_sand,58.5,0.8310340729075877,43.35,69.3,False
EER?,moderate_1m,soil_awc,11.15,0.29421276065121815,9.7,13.05,False
EER?,moderate_1m,soil_bdw,1.5470000207424164,1.3470152550946504,1.3389999985694885,1.5390000283718108,True
EER?,moderate_1m,twi,3.187063721892906,-0.894064139349744,1.3356331591417845,11.967049557363564,False
EER?,moderate_1m,slope,20.38690190826517,4.582698988902995,0.1004626974463462,14.734651565551758,True
EER?,moderate_1m,elevation,426.8507080078125,0.729547287200827,63.74617004394531,932.1000366210938,False
EER?,moderate_1m,aridity,0.4254909007743327,1.2061550856470844,0.1485536547433903,0.6045656334866568,False
EOR?,moderate_1m,soil_clay,25.3,-1.4337294103942204,20.0,42.75,False
EOR?,moderate_1m,soil_sand,60.85,1.2057212009309983,43.35,69.3,False
EOR?,moderate_1m,soil_awc,11.05,0.15002902364333617,9.7,13.05,False
EOR?,moderate_1m,soil_bdw,1.5379999935626985,1.1251769060749837,1.3389999985694885,1.5390000283718108,False
EOR?,moderate_1m,twi,3.865609533724593,-0.6085583147755569,1.3356331591417845,11.967049557363564,False
EOR?,moderate_1m,slope,18.5312743353234,4.098518689998618,0.1004626974463462,14.734651565551758,True
EOR?,moderate_1m,elevation,424.3123168945313,0.7169830078954622,63.74617004394531,932.1000366210938,False
EOR?,moderate_1m,aridity,0.4254909007743327,1.2061550856470844,0.1485536547433903,0.6045656334866568,False
AER,moderate_1m,soil_clay,26.45,-1.2140492288592042,20.0,42.75,False
AER,moderate_1m,soil_sand,60.2,1.102084335733034,43.35,69.3,False
AER,moderate_1m,soil_awc,11.3,0.5104883661630425,9.7,13.05,False
AER,moderate_1m,soil_bdw,1.5144999623298645,0.5459333075277765,1.3389999985694885,1.5390000283718108,False
AER,moderate_1m,twi,4.6193543660890155,-0.2914116518231713,1.3356331591417845,11.967049557363564,False
AER,moderate_1m,slope,20.041408134448385,4.49255090039889,0.1004626974463462,14.734651565551758,True
AER,moderate_1m,elevation,466.8766784667969,0.927663909057771,63.74617004394531,932.1000366210938,False
AER,moderate_1m,aridity,0.4254909007743327,1.2061550856470844,0.1485536547433903,0.6045656334866568,False
AOG,moderate_1m,soil_clay,26.9,-1.128087418693328,20.0,42.75,False
AOG,moderate_1m,soil_sand,59.35,0.9665592043203108,43.35,69.3,False
AOG,moderate_1m,soil_awc,10.75,-0.28252218738031243,9.7,13.05,False
AOG,moderate_1m,soil_bdw,1.4814999938011169,-0.26747074003064153,1.3389999985694885,1.5390000283718108,False
AOG,moderate_1m,twi,7.831206597554753,1.0600115001076973,1.3356331591417845,11.967049557363564,False
AOG,moderate_1m,slope,20.371547852774775,4.578692726393677,0.1004626974463462,14.734651565551758,True
AOG,moderate_1m,elevation,467.35833740234375,0.9300479772041146,63.74617004394531,932.1000366210938,False
AOG,moderate_1m,aridity,0.4254909007743327,1.2061550856470844,0.1485536547433903,0.6045656334866568,False
AOR,moderate_1m,soil_clay,26.9,-1.128087418693328,20.0,42.75,False
AOR,moderate_1m,soil_sand,59.4,0.974531270874,43.35,69.3,False
AOR,moderate_1m,soil_awc,10.65,-0.42670592438819444,9.7,13.05,False
AOR,moderate_1m,soil_bdw,1.4949999809265138,0.0652854612432602,1.3389999985694885,1.5390000283718108,False
AOR,moderate_1m,twi,3.364973740859299,-0.8192064867354077,1.3356331591417845,11.967049557363564,False
AOR,moderate_1m,slope,22.526478066425987,5.140968675607792,0.1004626974463462,14.734651565551758,True
AOR,moderate_1m,elevation,472.9408264160156,0.9576796336576541,63.74617004394531,932.1000366210938,False
AOR,moderate_1m,aridity,0.4254909007743327,1.2061550856470844,0.1485536547433903,0.6045656334866568,False
AEG?,moderate_1m,soil_clay,28.45,-0.8319967392330883,20.0,42.75,False
AEG?,moderate_1m,soil_sand,57.65,0.6955089414948645,43.35,69.3,False
AEG?,moderate_1m,soil_awc,11.6,0.9430395771866885,9.7,13.05,False
AEG?,moderate_1m,soil_bdw,1.5294999539852143,0.9156625669716209,1.3389999985694885,1.5390000283718108,False
AEG?,moderate_1m,twi,3.57300457686171,-0.7316751596914813,1.3356331591417845,11.967049557363564,False
AEG?,moderate_1m,slope,22.834536597767855,5.221348959863155,0.1004626974463462,14.734651565551758,True
AEG?,moderate_1m,elevation,461.1772766113281,0.8994535688895611,63.74617004394531,932.1000366210938,False
AEG?,moderate_1m,aridity,0.4254909007743327,1.2061550856470844,0.1485536547433903,0.6045656334866568,False
EOG,strong_4m,soil_clay,27.95,-0.9275098616396172,20.0,42.75,False
EOG,strong_4m,soil_sand,58.25,0.7911737401391398,43.35,69.3,False
EOG,strong_4m,soil_awc,11.5,0.7988558401788065,9.7,13.05,False
EOG,strong_4m,soil_bdw,1.5374999940395355,1.1128526023240963,1.3389999985694885,1.5390000283718108,False
EOG,strong_4m,twi,0.9670873435154148,-1.8281443081344293,1.3356331591417845,11.967049557363564,True
EOG,strong_4m,slope,20.8162422373088,4.694724770303998,0.1004626974463462,14.734651565551758,True
EOG,strong_4m,elevation,424.5592346191406,0.718205177025036,63.74617004394531,932.1000366210938,False
EOG,strong_4m,aridity,0.4254909007743327,1.2061550856470844,0.1485536547433903,0.6045656334866568,False
EER?,strong_4m,soil_clay,27.7,-0.9752664228428817,20.0,42.75,False
EER?,strong_4m,soil_sand,58.5,0.8310340729075877,43.35,69.3,False
EER?,strong_4m,soil_awc,11.15,0.29421276065121815,9.7,13.05,False
EER?,strong_4m,soil_bdw,1.5470000207424164,1.3470152550946504,1.3389999985694885,1.5390000283718108,True
EER?,strong_4m,twi,3.187063721892906,-0.894064139349744,1.3356331591417845,11.967049557363564,False
EER?,strong_4m,slope,20.38690190826517,4.582698988902995,0.1004626974463462,14.734651565551758,True
EER?,strong_4m,elevation,426.8507080078125,0.729547287200827,63.74617004394531,932.1000366210938,False
EER?,strong_4m,aridity,0.4254909007743327,1.2061550856470844,0.1485536547433903,0.6045656334866568,False
EOR?,strong_4m,soil_clay,25.3,-1.4337294103942204,20.0,42.75,False
EOR?,strong_4m,soil_sand,60.85,1.2057212009309983,43.35,69.3,False
EOR?,strong_4m,soil_awc,11.05,0.15002902364333617,9.7,13.05,False
EOR?,strong_4m,soil_bdw,1.5379999935626985,1.1251769060749837,1.3389999985694885,1.5390000283718108,False
EOR?,strong_4m,twi,3.865609533724593,-0.6085583147755569,1.3356331591417845,11.967049557363564,False
EOR?,strong_4m,slope,18.5312743353234,4.098518689998618,0.1004626974463462,14.734651565551758,True
EOR?,strong_4m,elevation,424.3123168945313,0.7169830078954622,63.74617004394531,932.1000366210938,False
EOR?,strong_4m,aridity,0.4254909007743327,1.2061550856470844,0.1485536547433903,0.6045656334866568,False
AER,strong_4m,soil_clay,26.45,-1.2140492288592042,20.0,42.75,False
AER,strong_4m,soil_sand,60.2,1.102084335733034,43.35,69.3,False
AER,strong_4m,soil_awc,11.3,0.5104883661630425,9.7,13.05,False
AER,strong_4m,soil_bdw,1.5144999623298645,0.5459333075277765,1.3389999985694885,1.5390000283718108,False
AER,strong_4m,twi,4.6193543660890155,-0.2914116518231713,1.3356331591417845,11.967049557363564,False
AER,strong_4m,slope,20.041408134448385,4.49255090039889,0.1004626974463462,14.734651565551758,True
AER,strong_4m,elevation,466.8766784667969,0.927663909057771,63.74617004394531,932.1000366210938,False
AER,strong_4m,aridity,0.4254909007743327,1.2061550856470844,0.1485536547433903,0.6045656334866568,False
AOG,strong_4m,soil_clay,26.9,-1.128087418693328,20.0,42.75,False
AOG,strong_4m,soil_sand,59.35,0.9665592043203108,43.35,69.3,False
AOG,strong_4m,soil_awc,10.75,-0.28252218738031243,9.7,13.05,False
AOG,strong_4m,soil_bdw,1.4814999938011169,-0.26747074003064153,1.3389999985694885,1.5390000283718108,False
AOG,strong_4m,twi,7.837603207851446,1.0627029462346833,1.3356331591417845,11.967049557363564,False
AOG,strong_4m,slope,20.371547852774775,4.578692726393677,0.1004626974463462,14.734651565551758,True
AOG,strong_4m,elevation,464.35833740234375,0.9151988715170988,63.74617004394531,932.1000366210938,False
AOG,strong_4m,aridity,0.4254909007743327,1.2061550856470844,0.1485536547433903,0.6045656334866568,False
AOR,strong_4m,soil_clay,26.9,-1.128087418693328,20.0,42.75,False
AOR,strong_4m,soil_sand,59.4,0.974531270874,43.35,69.3,False
AOR,strong_4m,soil_awc,10.65,-0.42670592438819444,9.7,13.05,False
AOR,strong_4m,soil_bdw,1.4949999809265138,0.0652854612432602,1.3389999985694885,1.5390000283718108,False
AOR,strong_4m,twi,3.364973740859299,-0.8192064867354077,1.3356331591417845,11.967049557363564,False
AOR,strong_4m,slope,22.526478066425987,5.140968675607792,0.1004626974463462,14.734651565551758,True
AOR,strong_4m,elevation,472.9408264160156,0.9576796336576541,63.74617004394531,932.1000366210938,False
AOR,strong_4m,aridity,0.4254909007743327,1.2061550856470844,0.1485536547433903,0.6045656334866568,False
AEG?,strong_4m,soil_clay,28.45,-0.8319967392330883,20.0,42.75,False
AEG?,strong_4m,soil_sand,57.65,0.6955089414948645,43.35,69.3,False
AEG?,strong_4m,soil_awc,11.6,0.9430395771866885,9.7,13.05,False
AEG?,strong_4m,soil_bdw,1.5294999539852143,0.9156625669716209,1.3389999985694885,1.5390000283718108,False
AEG?,strong_4m,twi,0.5683495067175287,-1.9959177626291222,1.3356331591417845,11.967049557363564,True
AEG?,strong_4m,slope,29.529801339237476,6.968313345949277,0.1004626974463462,14.734651565551758,True
AEG?,strong_4m,elevation,458.9272766113281,0.8883167396242992,63.74617004394531,932.1000366210938,False
AEG?,strong_4m,aridity,0.4254909007743327,1.2061550856470844,0.1485536547433903,0.6045656334866568,False
