event_id,device,label,scenario,gap_policy,pre_sm_pct,peak_sm_pct,peak_rise_pp,hours_to_peak,half_recession_hours,max_rise_pp_per_hour
past_year_daily_20260303,WS-201f28e185df,EOG,baseline,daily,15.876692545723664,20.797822867442576,4.921130321718913,24.0,,136.589568272357
past_year_daily_20260303,WS-201f28e185df,EOG,moderate_1m,daily,15.310793051163055,20.231923372881965,4.921130321718911,24.0,,136.58956827235696
past_year_daily_20260303,WS-201f28e185df,EOG,strong_4m,daily,14.325237942851924,19.246368264570837,4.921130321718913,24.0,,136.589568272357
past_year_daily_20260303,WS-4aa144a4eafe,EER?,baseline,daily,14.897324589168825,19.813270827736275,4.91594623856745,24.0,,136.56354478063474
past_year_daily_20260303,WS-4aa144a4eafe,EER?,moderate_1m,daily,14.897324589168825,19.813270827736275,4.91594623856745,24.0,,136.56354478063474
past_year_daily_20260303,WS-4aa144a4eafe,EER?,strong_4m,daily,14.897324589168825,19.813270827736275,4.91594623856745,24.0,,136.56354478063474
past_year_daily_20260303,WS-555215c413db,EOR?,baseline,daily,14.000980387009442,18.91537853001804,4.914398143008597,24.0,,136.555615160361
past_year_daily_20260303,WS-555215c413db,EOR?,moderate_1m,daily,14.000980387009442,18.91537853001804,4.914398143008597,24.0,,136.555615160361
past_year_daily_20260303,WS-555215c413db,EOR?,strong_4m,daily,14.000980387009442,18.91537853001804,4.914398143008597,24.0,,136.555615160361
past_year_daily_20260303,WS-57c7afe16ae1,AER,baseline,daily,14.670946322389682,19.589158025117143,4.918211702727461,24.0,,136.57502081040624
past_year_daily_20260303,WS-57c7afe16ae1,AER,moderate_1m,daily,14.670946322389682,19.589158025117143,4.918211702727461,24.0,,136.57502081040624
past_year_daily_20260303,WS-57c7afe16ae1,AER,strong_4m,daily,14.670946322389682,19.589158025117143,4.918211702727461,24.0,,136.57502081040624
past_year_daily_20260303,WS-a2f10ef43bc1,AOG,baseline,daily,16.50498943858669,21.414553453779465,4.909564015192775,24.0,,136.53042718356545
past_year_daily_20260303,WS-a2f10ef43bc1,AOG,moderate_1m,daily,16.507020239615713,21.416584254808487,4.909564015192775,24.0,,136.53042718356545
past_year_daily_20260303,WS-a2f10ef43bc1,AOG,strong_4m,daily,16.514038956887685,21.42360297208046,4.909564015192775,24.0,,136.53042718356545
past_year_daily_20260303,WS-a84d3fd5d4ca,AOR,baseline,daily,14.747211013967485,19.655097664686693,4.907886650719208,24.0,,136.52154559304796
past_year_daily_20260303,WS-a84d3fd5d4ca,AOR,moderate_1m,daily,14.747211013967485,19.655097664686693,4.907886650719208,24.0,,136.52154559304796
past_year_daily_20260303,WS-a84d3fd5d4ca,AOR,strong_4m,daily,14.747211013967485,19.655097664686693,4.907886650719208,24.0,,136.52154559304796
past_year_daily_20260303,WS-f575dcdea0dc,AEG?,baseline,daily,15.492677274931243,20.41522475077204,4.922547475840798,24.0,,136.59653003343516
past_year_daily_20260303,WS-f575dcdea0dc,AEG?,moderate_1m,daily,15.108971695618573,20.031519171459372,4.922547475840799,24.0,,136.59653003343507
past_year_daily_20260303,WS-f575dcdea0dc,AEG?,strong_4m,daily,13.220147105439054,18.14269458127985,4.922547475840798,24.0,,136.59653003343516
past_year_daily_20251222,WS-201f28e185df,EOG,baseline,daily,15.879190975600569,18.210230264751477,2.331039289150908,0.0,120.0,97.1266370479545
past_year_daily_20251222,WS-201f28e185df,EOG,moderate_1m,daily,15.31329148103996,17.64433077019087,2.33103928915091,0.0,120.0,97.12663704795457
past_year_daily_20251222,WS-201f28e185df,EOG,strong_4m,daily,14.327736372728829,16.658775661879737,2.331039289150908,0.0,120.0,97.1266370479545
past_year_daily_20251222,WS-4aa144a4eafe,EER?,baseline,daily,14.865566515529228,17.193919581162454,2.3283530656332267,0.0,120.0,97.01471106805111
past_year_daily_20251222,WS-4aa144a4eafe,EER?,moderate_1m,daily,14.865566515529228,17.193919581162454,2.3283530656332267,0.0,120.0,97.01471106805111
past_year_daily_20251222,WS-4aa144a4eafe,EER?,strong_4m,daily,14.865566515529228,17.193919581162454,2.3283530656332267,0.0,120.0,97.01471106805111
past_year_daily_20251222,WS-555215c413db,EOR?,baseline,daily,13.959682506701899,16.287221748652822,2.327539241950923,0.0,120.0,96.98080174795513
past_year_daily_20251222,WS-555215c413db,EOR?,moderate_1m,daily,13.959682506701899,16.287221748652822,2.327539241950923,0.0,120.0,96.98080174795513
past_year_daily_20251222,WS-555215c413db,EOR?,strong_4m,daily,13.959682506701899,16.287221748652822,2.327539241950923,0.0,120.0,96.98080174795513
past_year_daily_20251222,WS-57c7afe16ae1,AER,baseline,daily,14.653710406074264,16.983244744207568,2.3295343381333034,0.0,120.0,97.06393075555431
past_year_daily_20251222,WS-57c7afe16ae1,AER,moderate_1m,daily,14.653710406074264,16.983244744207568,2.3295343381333034,0.0,120.0,97.06393075555431
past_year_daily_20251222,WS-57c7afe16ae1,AER,strong_4m,daily,14.653710406074264,16.983244744207568,2.3295343381333034,0.0,120.0,97.06393075555431
past_year_daily_20251222,WS-a2f10ef43bc1,AOG,baseline,daily,16.435806827956778,18.760770251708255,2.324963423751477,0.0,120.0,96.87347598964487
past_year_daily_20251222,WS-a2f10ef43bc1,AOG,moderate_1m,daily,16.4378376289858,18.762801052737277,2.324963423751477,0.0,120.0,96.87347598964487
past_year_daily_20251222,WS-a2f10ef43bc1,AOG,strong_4m,daily,16.444856346257772,18.76981977000925,2.324963423751477,0.0,120.0,96.87347598964487
past_year_daily_20251222,WS-a84d3fd5d4ca,AOR,baseline,daily,14.668995621777674,16.993053056491583,2.324057434713909,0.0,120.0,96.83572644641288
past_year_daily_20251222,WS-a84d3fd5d4ca,AOR,moderate_1m,daily,14.668995621777674,16.993053056491583,2.324057434713909,0.0,120.0,96.83572644641288
past_year_daily_20251222,WS-a84d3fd5d4ca,AOR,strong_4m,daily,14.668995621777674,16.993053056491583,2.324057434713909,0.0,120.0,96.83572644641288
past_year_daily_20251222,WS-f575dcdea0dc,AEG?,baseline,daily,15.505191656197532,17.836954846460372,2.3317631902628406,0.0,120.0,97.15679959428502
past_year_daily_20251222,WS-f575dcdea0dc,AEG?,moderate_1m,daily,15.121486076884862,17.453249267147704,2.3317631902628424,0.0,120.0,97.1567995942851
past_year_daily_20251222,WS-f575dcdea0dc,AEG?,strong_4m,daily,13.232661486705343,15.564424676968184,2.3317631902628406,0.0,120.0,97.15679959428502
past_year_daily_20260208,WS-201f28e185df,EOG,baseline,daily,12.957596058814698,16.831816061841998,3.8742200030273004,48.0,,105.96766146601173
past_year_daily_20260208,WS-201f28e185df,EOG,moderate_1m,daily,12.391696564254088,16.265916567281387,3.8742200030272986,48.0,,105.96766146601173
past_year_daily_20260208,WS-201f28e185df,EOG,strong_4m,daily,11.406141455942958,15.280361458970258,3.8742200030273004,48.0,,105.96766146601173
past_year_daily_20260208,WS-4aa144a4eafe,EER?,baseline,daily,11.997923677253752,15.868296298643429,3.870372621389677,48.0,,105.97460513445434
past_year_daily_20260208,WS-4aa144a4eafe,EER?,moderate_1m,daily,11.997923677253752,15.868296298643429,3.870372621389677,48.0,,105.97460513445434
past_year_daily_20260208,WS-4aa144a4eafe,EER?,strong_4m,daily,11.997923677253752,15.868296298643429,3.870372621389677,48.0,,105.97460513445434
past_year_daily_20260208,WS-555215c413db,EOR?,baseline,daily,11.107573207867276,14.976767606444227,3.8691943985769512,48.0,,105.97633944602543
past_year_daily_20260208,WS-555215c413db,EOR?,moderate_1m,daily,11.107573207867276,14.976767606444227,3.8691943985769512,48.0,,105.97633944602543
past_year_daily_20260208,WS-555215c413db,EOR?,strong_4m,daily,11.107573207867276,14.976767606444227,3.8691943985769512,48.0,,105.97633944602543
past_year_daily_20260208,WS-57c7afe16ae1,AER,baseline,daily,11.762864752762322,15.634937620942992,3.8720728681806698,48.0,,105.97179173991893
past_year_daily_20260208,WS-57c7afe16ae1,AER,moderate_1m,daily,11.762864752762322,15.634937620942992,3.8720728681806698,48.0,,105.97179173991893
past_year_daily_20260208,WS-57c7afe16ae1,AER,strong_4m,daily,11.762864752762322,15.634937620942992,3.8720728681806698,48.0,,105.97179173991893
past_year_daily_20260208,WS-a2f10ef43bc1,AOG,baseline,daily,13.630597459706369,17.496030479081192,3.865433019374823,48.0,,105.98082736812738
past_year_daily_20260208,WS-a2f10ef43bc1,AOG,moderate_1m,daily,13.632628260735391,17.498061280110214,3.865433019374823,48.0,,105.98082736812738
past_year_daily_20260208,WS-a2f10ef43bc1,AOG,strong_4m,daily,13.639646978007363,17.505079997382186,3.865433019374823,48.0,,105.98082736812738
past_year_daily_20260208,WS-a84d3fd5d4ca,AOR,baseline,daily,11.879515387148293,15.743615176007852,3.8640997888595585,48.0,,105.98207320519407
past_year_daily_20260208,WS-a84d3fd5d4ca,AOR,moderate_1m,daily,11.879515387148293,15.743615176007852,3.8640997888595585,48.0,,105.98207320519407
past_year_daily_20260208,WS-a84d3fd5d4ca,AOR,strong_4m,daily,11.879515387148293,15.743615176007852,3.8640997888595585,48.0,,105.98207320519407
past_year_daily_20260208,WS-f575dcdea0dc,AEG?,baseline,daily,12.568305032769025,16.44354942649627,3.875244393727243,48.0,,105.96544063202022
past_year_daily_20260208,WS-f575dcdea0dc,AEG?,moderate_1m,daily,12.184599453456356,16.0598438471836,3.875244393727245,48.0,,105.96544063202022
past_year_daily_20260208,WS-f575dcdea0dc,AEG?,strong_4m,daily,10.295774863276836,14.17101925700408,3.875244393727243,48.0,,105.96544063202022
historical_hourly_20250726,WS-201f28e185df,EOG,baseline,silo_fraction,21.783479652501637,24.03054674336872,2.247067090867084,73.0,,287.422552099585
historical_hourly_20250726,WS-201f28e185df,EOG,moderate_1m,silo_fraction,21.217580157941033,23.464647248808113,2.2470670908670805,73.0,,287.422552099585
historical_hourly_20250726,WS-201f28e185df,EOG,strong_4m,silo_fraction,20.2320250496299,22.47909214049698,2.2470670908670805,73.0,,287.422552099585
historical_hourly_20250726,WS-201f28e185df,EOG,baseline,zero_missing,21.713522912123967,23.83820389795355,2.1246809858295848,73.0,,287.4493712043495
historical_hourly_20250726,WS-201f28e185df,EOG,moderate_1m,zero_missing,21.147623417563363,23.272304403392944,2.124680985829581,73.0,,287.4493712043531
historical_hourly_20250726,WS-201f28e185df,EOG,strong_4m,zero_missing,20.16206830925223,22.286749295081812,2.124680985829581,73.0,,287.4493712043495
historical_hourly_20250726,WS-4aa144a4eafe,EER?,baseline,silo_fraction,20.763908564554125,23.01005018388515,2.2461416193310235,73.0,,287.4324644472708
historical_hourly_20250726,WS-4aa144a4eafe,EER?,moderate_1m,silo_fraction,20.763908564554125,23.01005018388515,2.2461416193310235,73.0,,287.4324644472708
historical_hourly_20250726,WS-4aa144a4eafe,EER?,strong_4m,silo_fraction,20.763908564554125,23.01005018388515,2.2461416193310235,73.0,,287.4324644472708
historical_hourly_20250726,WS-4aa144a4eafe,EER?,baseline,zero_missing,20.69398937495238,22.81781481852332,2.12382544357094,73.0,,287.4595131018367
historical_hourly_20250726,WS-4aa144a4eafe,EER?,moderate_1m,zero_missing,20.69398937495238,22.81781481852332,2.12382544357094,73.0,,287.4595131018367
historical_hourly_20250726,WS-4aa144a4eafe,EER?,strong_4m,zero_missing,20.69398937495238,22.81781481852332,2.12382544357094,73.0,,287.4595131018367
historical_hourly_20250726,WS-555215c413db,EOR?,baseline,silo_fraction,19.855530485413365,22.10139053206449,2.2458600466511243,73.0,,287.43527720613923
historical_hourly_20250726,WS-555215c413db,EOR?,moderate_1m,silo_fraction,19.855530485413365,22.10139053206449,2.2458600466511243,73.0,,287.43527720613923
historical_hourly_20250726,WS-555215c413db,EOR?,strong_4m,silo_fraction,19.855530485413365,22.10139053206449,2.2458600466511243,73.0,,287.43527720613923
historical_hourly_20250726,WS-555215c413db,EOR?,baseline,zero_missing,19.785622457666168,21.909187109056354,2.1235646513901862,73.0,,287.46239405628415
historical_hourly_20250726,WS-555215c413db,EOR?,moderate_1m,zero_missing,19.785622457666168,21.909187109056354,2.1235646513901862,73.0,,287.46239405628415
historical_hourly_20250726,WS-555215c413db,EOR?,strong_4m,zero_missing,19.785622457666168,21.909187109056354,2.1235646513901862,73.0,,287.46239405628415
historical_hourly_20250726,WS-57c7afe16ae1,AER,baseline,silo_fraction,20.555119390250866,22.801668907773838,2.246549517522972,73.0,,287.4282292394028
historical_hourly_20250726,WS-57c7afe16ae1,AER,moderate_1m,silo_fraction,20.555119390250866,22.801668907773838,2.246549517522972,73.0,,287.4282292394028
historical_hourly_20250726,WS-57c7afe16ae1,AER,strong_4m,silo_fraction,20.555119390250866,22.801668907773838,2.246549517522972,73.0,,287.4282292394028
historical_hourly_20250726,WS-57c7afe16ae1,AER,baseline,zero_missing,20.485183825083812,22.60938667497785,2.1242028498940364,73.0,,287.45517781315755
historical_hourly_20250726,WS-57c7afe16ae1,AER,moderate_1m,zero_missing,20.485183825083812,22.60938667497785,2.1242028498940364,73.0,,287.45517781315755
historical_hourly_20250726,WS-57c7afe16ae1,AER,strong_4m,zero_missing,20.485183825083812,22.60938667497785,2.1242028498940364,73.0,,287.45517781315755
historical_hourly_20250726,WS-a2f10ef43bc1,AOG,baseline,silo_fraction,22.32190779528219,24.566875331754854,2.2449675364726644,73.0,,287.44366481287994
historical_hourly_20250726,WS-a2f10ef43bc1,AOG,moderate_1m,silo_fraction,22.32393859631122,24.568906132783876,2.2449675364726573,73.0,,287.44366481287994
historical_hourly_20250726,WS-a2f10ef43bc1,AOG,strong_4m,silo_fraction,22.330957313583188,24.57592485005585,2.244967536472661,73.0,,287.44366481287994
historical_hourly_20250726,WS-a2f10ef43bc1,AOG,baseline,zero_missing,22.252034487765503,24.374771252211733,2.1227367644462305,73.0,,287.4709936835877
historical_hourly_20250726,WS-a2f10ef43bc1,AOG,moderate_1m,zero_missing,22.254065288794532,24.376802053240755,2.1227367644462234,73.0,,287.4709936835877
historical_hourly_20250726,WS-a2f10ef43bc1,AOG,strong_4m,zero_missing,22.2610840060665,24.383820770512727,2.122736764446227,73.0,,287.4709936835877
historical_hourly_20250726,WS-a84d3fd5d4ca,AOR,baseline,silo_fraction,20.55105871104948,22.79571234161611,2.2446536305666314,73.0,,287.44644411910514
historical_hourly_20250726,WS-a84d3fd5d4ca,AOR,moderate_1m,silo_fraction,20.55105871104948,22.79571234161611,2.2446536305666314,73.0,,287.44644411910514
historical_hourly_20250726,WS-a84d3fd5d4ca,AOR,strong_4m,silo_fraction,20.55105871104948,22.79571234161611,2.2446536305666314,73.0,,287.44644411910514
historical_hourly_20250726,WS-a84d3fd5d4ca,AOR,baseline,zero_missing,20.48119740764286,22.603642602956235,2.122445195313375,73.0,,287.4738462548265
historical_hourly_20250726,WS-a84d3fd5d4ca,AOR,moderate_1m,zero_missing,20.48119740764286,22.603642602956235,2.122445195313375,73.0,,287.4738462548265
historical_hourly_20250726,WS-a84d3fd5d4ca,AOR,strong_4m,zero_missing,20.48119740764286,22.603642602956235,2.122445195313375,73.0,,287.4738462548265
historical_hourly_20250726,WS-f575dcdea0dc,AEG?,baseline,silo_fraction,21.41042203910871,23.657736943503757,2.247314904395047,73.0,,287.4197005475203
historical_hourly_20250726,WS-f575dcdea0dc,AEG?,moderate_1m,silo_fraction,21.026716459796038,23.27403136419109,2.2473149043950507,73.0,,287.41970054752386
historical_hourly_20250726,WS-f575dcdea0dc,AEG?,strong_4m,silo_fraction,19.13789186961652,21.385206774011568,2.247314904395047,73.0,,287.4197005475203
historical_hourly_20250726,WS-f575dcdea0dc,AEG?,baseline,zero_missing,21.340454982639557,23.46536456552294,2.124909582883383,73.0,,287.4464565555321
historical_hourly_20250726,WS-f575dcdea0dc,AEG?,moderate_1m,zero_missing,20.956749403326885,23.08165898621027,2.1249095828833866,73.0,,287.4464565555357
historical_hourly_20250726,WS-f575dcdea0dc,AEG?,strong_4m,zero_missing,19.067924813147368,21.19283439603075,2.124909582883383,73.0,,287.4464565555321
historical_hourly_20250706,WS-201f28e185df,EOG,baseline,silo_fraction,22.07304228711972,23.63739237794634,1.564350090826622,139.0,,352.8669430908415
historical_hourly_20250706,WS-201f28e185df,EOG,moderate_1m,silo_fraction,21.507142792559108,23.07149288338573,1.564350090826622,139.0,,352.8669430908451
historical_hourly_20250706,WS-201f28e185df,EOG,strong_4m,silo_fraction,20.52158768424798,22.0859377750746,1.564350090826622,139.0,,352.8669430908415
historical_hourly_20250706,WS-201f28e185df,EOG,baseline,zero_missing,22.05869566563514,23.489161173013944,1.4304655073788055,119.0,,352.8732359942843
historical_hourly_20250706,WS-201f28e185df,EOG,moderate_1m,zero_missing,21.49279617107453,22.923261678453336,1.4304655073788055,119.0,,352.8732359942808
historical_hourly_20250706,WS-201f28e185df,EOG,strong_4m,zero_missing,20.5072410627634,21.937706570142204,1.4304655073788055,119.0,,352.8732359942843
historical_hourly_20250706,WS-4aa144a4eafe,EER?,baseline,silo_fraction,21.070823766457774,22.632703467215784,1.5618797007580092,139.0,,352.8594170925281
historical_hourly_20250706,WS-4aa144a4eafe,EER?,moderate_1m,silo_fraction,21.070823766457774,22.632703467215784,1.5618797007580092,139.0,,352.8594170925281
historical_hourly_20250706,WS-4aa144a4eafe,EER?,strong_4m,silo_fraction,21.070823766457774,22.632703467215784,1.5618797007580092,139.0,,352.8594170925281
historical_hourly_20250706,WS-4aa144a4eafe,EER?,baseline,zero_missing,21.056478852057754,22.484684411250427,1.4282055591926728,119.0,,352.8657843231642
historical_hourly_20250706,WS-4aa144a4eafe,EER?,moderate_1m,zero_missing,21.056478852057754,22.484684411250427,1.4282055591926728,119.0,,352.8657843231642
historical_hourly_20250706,WS-4aa144a4eafe,EER?,strong_4m,zero_missing,21.056478852057754,22.484684411250427,1.4282055591926728,119.0,,352.8657843231642
historical_hourly_20250706,WS-555215c413db,EOR?,baseline,silo_fraction,20.16762399262573,21.728750680066348,1.5611266874406162,139.0,,352.8570414573728
historical_hourly_20250706,WS-555215c413db,EOR?,moderate_1m,silo_fraction,20.16762399262573,21.728750680066348,1.5611266874406162,139.0,,352.8570414573728
historical_hourly_20250706,WS-555215c413db,EOR?,strong_4m,silo_fraction,20.16762399262573,21.728750680066348,1.5611266874406162,139.0,,352.8570414573728
historical_hourly_20250706,WS-555215c413db,EOR?,baseline,zero_missing,20.15327958578258,21.58079743974482,1.4275178539622395,119.0,,352.8634307818272
historical_hourly_20250706,WS-555215c413db,EOR?,moderate_1m,zero_missing,20.15327958578258,21.58079743974482,1.4275178539622395,119.0,,352.8634307818272
historical_hourly_20250706,WS-555215c413db,EOR?,strong_4m,zero_missing,20.15327958578258,21.58079743974482,1.4275178539622395,119.0,,352.8634307818272
historical_hourly_20250706,WS-57c7afe16ae1,AER,baseline,silo_fraction,20.854453305667477,22.417422618918977,1.5629693132515001,139.0,,352.86279000630213
historical_hourly_20250706,WS-57c7afe16ae1,AER,moderate_1m,silo_fraction,20.854453305667477,22.417422618918977,1.5629693132515001,139.0,,352.86279000630213
historical_hourly_20250706,WS-57c7afe16ae1,AER,strong_4m,silo_fraction,20.854453305667477,22.417422618918977,1.5629693132515001,139.0,,352.86279000630213
historical_hourly_20250706,WS-57c7afe16ae1,AER,baseline,zero_missing,20.84010764673918,22.269309240386193,1.4292015936470115,119.0,,352.869124823318
historical_hourly_20250706,WS-57c7afe16ae1,AER,moderate_1m,zero_missing,20.84010764673918,22.269309240386193,1.4292015936470115,119.0,,352.869124823318
historical_hourly_20250706,WS-57c7afe16ae1,AER,strong_4m,zero_missing,20.84010764673918,22.269309240386193,1.4292015936470115,119.0,,352.869124823318
historical_hourly_20250706,WS-a2f10ef43bc1,AOG,baseline,silo_fraction,22.65015480091613,24.208889334402194,1.5587345334860636,139.0,,352.849279483614
historical_hourly_20250706,WS-a2f10ef43bc1,AOG,moderate_1m,silo_fraction,22.65218560194515,24.210920135431216,1.5587345334860672,139.0,,352.849279483614
historical_hourly_20250706,WS-a2f10ef43bc1,AOG,strong_4m,silo_fraction,22.659204319217125,24.21793885270319,1.5587345334860636,139.0,,352.849279483614
historical_hourly_20250706,WS-a2f10ef43bc1,AOG,baseline,zero_missing,22.63581197327137,24.061148237462422,1.4253362641910527,119.0,,352.85573753427354
historical_hourly_20250706,WS-a2f10ef43bc1,AOG,moderate_1m,zero_missing,22.637842774300392,24.063179038491445,1.4253362641910527,119.0,,352.85573753427354
historical_hourly_20250706,WS-a2f10ef43bc1,AOG,strong_4m,zero_missing,22.64486149157236,24.070197755763417,1.4253362641910563,119.0,,352.85573753427354
historical_hourly_20250706,WS-a84d3fd5d4ca,AOR,baseline,silo_fraction,20.884903605318417,22.442794669417445,1.557891064099028,139.0,,352.84647246761125
historical_hourly_20250706,WS-a84d3fd5d4ca,AOR,moderate_1m,silo_fraction,20.884903605318417,22.442794669417445,1.557891064099028,139.0,,352.84647246761125
historical_hourly_20250706,WS-a84d3fd5d4ca,AOR,strong_4m,silo_fraction,20.884903605318417,22.442794669417445,1.557891064099028,139.0,,352.84647246761125
historical_hourly_20250706,WS-a84d3fd5d4ca,AOR,baseline,zero_missing,20.870561323798295,22.29512938035687,1.4245680565585737,119.0,,352.85295427983243
historical_hourly_20250706,WS-a84d3fd5d4ca,AOR,moderate_1m,zero_missing,20.870561323798295,22.29512938035687,1.4245680565585737,119.0,,352.85295427983243
historical_hourly_20250706,WS-a84d3fd5d4ca,AOR,strong_4m,zero_missing,20.870561323798295,22.29512938035687,1.4245680565585737,119.0,,352.85295427983243
historical_hourly_20250706,WS-f575dcdea0dc,AEG?,baseline,silo_fraction,21.695239183934245,23.260249803927586,1.5650106199933411,139.0,,352.8688769258821
historical_hourly_20250706,WS-f575dcdea0dc,AEG?,moderate_1m,silo_fraction,21.311533604621577,22.876544224614918,1.5650106199933411,139.0,,352.8688769258821
historical_hourly_20250706,WS-f575dcdea0dc,AEG?,strong_4m,silo_fraction,19.42270901444206,20.987719634435397,1.5650106199933376,139.0,,352.8688769258821
historical_hourly_20250706,WS-f575dcdea0dc,AEG?,baseline,zero_missing,21.68089209359194,23.111962972644562,1.4310708790526228,119.0,,352.87514941014564
historical_hourly_20250706,WS-f575dcdea0dc,AEG?,moderate_1m,zero_missing,21.29718651427927,22.728257393331894,1.4310708790526228,119.0,,352.87514941014564
historical_hourly_20250706,WS-f575dcdea0dc,AEG?,strong_4m,zero_missing,19.408361924099754,20.839432803152373,1.4310708790526192,119.0,,352.87514941014564
historical_hourly_20250624,WS-201f28e185df,EOG,baseline,silo_fraction,19.962233953639075,21.567846975850276,1.6056130222112017,42.0,,316.9261075128666
historical_hourly_20250624,WS-201f28e185df,EOG,moderate_1m,silo_fraction,19.396334459078464,21.00194748128967,1.6056130222112053,42.0,,316.9261075128631
historical_hourly_20250624,WS-201f28e185df,EOG,strong_4m,silo_fraction,18.410779350767335,20.016392372978537,1.6056130222112017,42.0,,316.9261075128666
historical_hourly_20250624,WS-201f28e185df,EOG,baseline,zero_missing,19.96202224581912,21.475451688890605,1.5134294430714839,42.0,,316.92624325538077
historical_hourly_20250624,WS-201f28e185df,EOG,moderate_1m,zero_missing,19.396122751258513,20.909552194329997,1.5134294430714839,42.0,,316.92624325538077
historical_hourly_20250624,WS-201f28e185df,EOG,strong_4m,zero_missing,18.41056764294738,19.923997086018865,1.5134294430714839,42.0,,316.92624325538077
historical_hourly_20250624,WS-4aa144a4eafe,EER?,baseline,silo_fraction,18.966314906916583,20.572323579617255,1.6060086727006713,42.0,,316.94163265045813
historical_hourly_20250624,WS-4aa144a4eafe,EER?,moderate_1m,silo_fraction,18.966314906916583,20.572323579617255,1.6060086727006713,42.0,,316.94163265045813
historical_hourly_20250624,WS-4aa144a4eafe,EER?,strong_4m,silo_fraction,18.966314906916583,20.572323579617255,1.6060086727006713,42.0,,316.94163265045813
historical_hourly_20250624,WS-4aa144a4eafe,EER?,baseline,zero_missing,18.966103206147295,20.47993698565665,1.5138337795093548,42.0,,316.94176930802695
historical_hourly_20250624,WS-4aa144a4eafe,EER?,moderate_1m,zero_missing,18.966103206147295,20.47993698565665,1.5138337795093548,42.0,,316.94176930802695
historical_hourly_20250624,WS-4aa144a4eafe,EER?,strong_4m,zero_missing,18.966103206147295,20.47993698565665,1.5138337795093548,42.0,,316.94176930802695
historical_hourly_20250624,WS-555215c413db,EOR?,baseline,silo_fraction,18.065025979470832,19.671142127776683,1.6061161483058513,42.0,,316.9460467652172
historical_hourly_20250624,WS-555215c413db,EOR?,moderate_1m,silo_fraction,18.065025979470832,19.671142127776683,1.6061161483058513,42.0,,316.9460467652172
historical_hourly_20250624,WS-555215c413db,EOR?,strong_4m,silo_fraction,18.065025979470832,19.671142127776683,1.6061161483058513,42.0,,316.9460467652172
historical_hourly_20250624,WS-555215c413db,EOR?,baseline,zero_missing,18.064814280798004,19.578758118500026,1.5139438377020227,42.0,,316.94618369484573
historical_hourly_20250624,WS-555215c413db,EOR?,moderate_1m,zero_missing,18.064814280798004,19.578758118500026,1.5139438377020227,42.0,,316.94618369484573
historical_hourly_20250624,WS-555215c413db,EOR?,strong_4m,zero_missing,18.064814280798004,19.578758118500026,1.5139438377020227,42.0,,316.94618369484573
historical_hourly_20250624,WS-57c7afe16ae1,AER,baseline,silo_fraction,18.747172095018026,20.353014842252072,1.6058427472340462,42.0,,316.93499313068327
historical_hourly_20250624,WS-57c7afe16ae1,AER,moderate_1m,silo_fraction,18.747172095018026,20.353014842252072,1.6058427472340462,42.0,,316.93499313068327
historical_hourly_20250624,WS-57c7afe16ae1,AER,strong_4m,silo_fraction,18.747172095018026,20.353014842252072,1.6058427472340462,42.0,,316.93499313068327
historical_hourly_20250624,WS-57c7afe16ae1,AER,baseline,zero_missing,18.746960391173573,20.260624456893844,1.5136640657202705,42.0,,316.93512938916155
historical_hourly_20250624,WS-57c7afe16ae1,AER,moderate_1m,zero_missing,18.746960391173573,20.260624456893844,1.5136640657202705,42.0,,316.93512938916155
historical_hourly_20250624,WS-57c7afe16ae1,AER,strong_4m,zero_missing,18.746960391173573,20.260624456893844,1.5136640657202705,42.0,,316.93512938916155
historical_hourly_20250624,WS-a2f10ef43bc1,AOG,baseline,silo_fraction,20.553603056290473,22.16002588655127,1.6064228302607972,42.0,,316.9592276282067
historical_hourly_20250624,WS-a2f10ef43bc1,AOG,moderate_1m,silo_fraction,20.555633857319496,22.162056687580293,1.6064228302607972,42.0,,316.9592276282067
historical_hourly_20250624,WS-a2f10ef43bc1,AOG,strong_4m,silo_fraction,20.562652574591468,22.169075404852265,1.6064228302607972,42.0,,316.9592276282067
historical_hourly_20250624,WS-a2f10ef43bc1,AOG,baseline,zero_missing,20.553391364140897,22.06764991933094,1.5142585551900432,42.0,,316.9593654043119
historical_hourly_20250624,WS-a2f10ef43bc1,AOG,moderate_1m,zero_missing,20.55542216516992,22.069680720359962,1.5142585551900432,42.0,,316.9593654043119
historical_hourly_20250624,WS-a2f10ef43bc1,AOG,strong_4m,zero_missing,20.56244088244189,22.076699437631934,1.5142585551900432,42.0,,316.9593654043119
historical_hourly_20250624,WS-a84d3fd5d4ca,AOR,baseline,silo_fraction,18.79047604749566,20.396995647307314,1.606519599811655,42.0,,316.96359992083245
historical_hourly_20250624,WS-a84d3fd5d4ca,AOR,moderate_1m,silo_fraction,18.79047604749566,20.396995647307314,1.606519599811655,42.0,,316.96359992083245
historical_hourly_20250624,WS-a84d3fd5d4ca,AOR,strong_4m,silo_fraction,18.79047604749566,20.396995647307314,1.606519599811655,42.0,,316.96359992083245
historical_hourly_20250624,WS-a84d3fd5d4ca,AOR,baseline,zero_missing,18.790264357602116,20.30462246127285,1.5143581036707339,42.0,,316.96373798966704
historical_hourly_20250624,WS-a84d3fd5d4ca,AOR,moderate_1m,zero_missing,18.790264357602116,20.30462246127285,1.5143581036707339,42.0,,316.96373798966704
historical_hourly_20250624,WS-a84d3fd5d4ca,AOR,strong_4m,zero_missing,18.790264357602116,20.30462246127285,1.5143581036707339,42.0,,316.96373798966704
historical_hourly_20250624,WS-f575dcdea0dc,AEG?,baseline,silo_fraction,19.58273740403626,21.188232051340517,1.6054946473042584,42.0,,316.9216511601753
historical_hourly_20250624,WS-f575dcdea0dc,AEG?,moderate_1m,silo_fraction,19.19903182472359,20.804526472027845,1.6054946473042548,42.0,,316.9216511601718
historical_hourly_20250624,WS-f575dcdea0dc,AEG?,strong_4m,silo_fraction,17.31020723454407,18.915701881848328,1.6054946473042584,42.0,,316.9216511601753
historical_hourly_20250624,WS-f575dcdea0dc,AEG?,baseline,zero_missing,19.582525694279934,21.09583437685737,1.513308682577435,42.0,,316.9217866513634
historical_hourly_20250624,WS-f575dcdea0dc,AEG?,moderate_1m,zero_missing,19.198820114967262,20.7121287975447,1.5133086825774384,42.0,,316.9217866513634
historical_hourly_20250624,WS-f575dcdea0dc,AEG?,strong_4m,zero_missing,17.30999552478774,18.82330420736518,1.5133086825774384,42.0,,316.9217866513634
