scenario,variable,training_min,training_max,gully_min,gully_max,fraction_cells_outside_training_range
baseline,soil_clay,20.0,42.75,23.15,28.6,0.0
baseline,soil_sand,43.35,69.3,56.75,63.7,0.0
baseline,soil_awc,9.7,13.05,10.6,12.05,0.0
baseline,soil_bdw,1.3389999985694885,1.5390000283718108,1.4814999938011169,1.5500000298023224,0.2504996668887408
baseline,twi,1.3356331591417845,11.967049557363564,-0.23146550357341766,12.906834602355957,0.09127248500999334
baseline,slope,0.1004626974463462,14.734651565551758,1.911293625831604,52.32574462890625,0.45236508994004
baseline,elevation,63.74617004394531,932.1000366210938,393.82666015625,502.5583190917969,0.0
baseline,aridity,0.1485536547433903,0.6045656334866568,0.4254909007743327,0.4254909007743327,0.0
moderate_1m,soil_clay,20.0,42.75,23.15,28.6,0.0
moderate_1m,soil_sand,43.35,69.3,56.75,63.7,0.0
moderate_1m,soil_awc,9.7,13.05,10.6,12.05,0.0
moderate_1m,soil_bdw,1.3389999985694885,1.5390000283718108,1.4814999938011169,1.5500000298023224,0.2504996668887408
moderate_1m,twi,1.3356331591417845,11.967049557363564,-0.2721928060054779,13.87209701538086,0.09526982011992005
moderate_1m,slope,0.1004626974463462,14.734651565551758,1.049294352531433,53.93068313598633,0.5096602265156562
moderate_1m,elevation,63.74617004394531,932.1000366210938,393.7205810546875,502.5555725097656,0.0
moderate_1m,aridity,0.1485536547433903,0.6045656334866568,0.4254909007743327,0.4254909007743327,0.0
strong_4m,soil_clay,20.0,42.75,23.15,28.6,0.0
strong_4m,soil_sand,43.35,69.3,56.75,63.7,0.0
strong_4m,soil_awc,9.7,13.05,10.6,12.05,0.0
strong_4m,soil_bdw,1.3389999985694885,1.5390000283718108,1.4814999938011169,1.5500000298023224,0.2504996668887408
strong_4m,twi,1.3356331591417845,11.967049557363564,-0.32081425189971924,13.398480415344238,0.17188540972684876
strong_4m,slope,0.1004626974463462,14.734651565551758,0.13380560278892517,58.156402587890625,0.7841439040639574
strong_4m,elevation,63.74617004394531,932.1000366210938,393.0762634277344,502.5473327636719,0.0
strong_4m,aridity,0.1485536547433903,0.6045656334866568,0.4254909007743327,0.4254909007743327,0.0
