date,rain_mm,rain_rank
2026-03-03,36.0,1
2025-12-22,28.1,2
2026-02-08,27.5,3
2026-07-02,27.0,4
2026-08-10,22.7,5
2026-08-26,21.2,6
2026-03-04,20.6,7
2025-11-23,18.5,8
2026-03-27,17.7,9
2026-05-26,17.6,10
2026-06-03,17.3,11
2026-03-20,17.0,12
2026-05-19,14.9,13
2026-07-01,14.9,14
2026-05-04,14.3,15
2025-11-05,13.7,16
2026-01-01,13.5,17
2026-06-20,13.0,18
2025-10-09,12.7,19
2026-08-27,12.3,20
2025-12-21,12.1,21
2026-06-02,12.1,22
2025-10-27,11.9,23
2026-05-27,11.9,24
2026-02-10,10.2,25
2026-03-08,9.7,26
2026-06-19,9.4,27
2026-07-12,8.7,28
2026-05-18,7.8,29
2026-02-09,7.6,30
2026-04-10,7.6,31
2026-08-25,7.5,32
2026-05-20,7.4,33
2026-03-19,7.2,34
2026-02-23,7.1,35
2026-08-11,6.8,36
2026-09-06,6.5,37
2026-06-30,6.3,38
2026-02-26,5.9,39
2026-05-03,5.6,40
2025-12-14,5.4,41
2026-06-04,5.4,42
2026-09-03,5.1,43
2026-03-02,4.8,44
2025-12-20,4.7,45
2025-11-15,4.6,46
2026-06-11,4.6,47
2026-07-03,4.4,48
2025-11-01,4.0,49
2026-05-05,4.0,50
2025-12-02,3.9,51
2026-03-13,3.9,52
2026-05-14,3.9,53
2026-06-17,3.9,54
2026-01-15,3.5,55
2026-08-21,3.4,56
2026-04-07,3.2,57
2026-07-13,3.1,58
2026-06-21,3.0,59
2026-06-22,2.8,60
2025-10-22,2.7,61
2026-04-06,2.6,62
2025-11-04,2.5,63
2025-11-30,2.5,64
2026-07-29,2.2,65
2025-10-28,2.1,66
2025-11-26,2.1,67
2026-02-02,1.9,68
2026-06-14,1.9,69
2026-07-14,1.9,70
2026-07-15,1.9,71
2026-08-13,1.9,72
2025-10-10,1.8,73
2026-02-12,1.8,74
2025-10-24,1.7,75
2026-03-28,1.7,76
2025-10-21,1.6,77
2025-11-24,1.6,78
2026-05-31,1.5,79
2025-10-03,1.4,80
2025-10-23,1.4,81
2026-03-22,1.3,82
2026-06-10,1.3,83
2026-02-28,1.2,84
2026-06-12,1.2,85
2026-08-17,1.1,86
2025-11-16,1.0,87
2026-03-18,1.0,88
2026-08-05,1.0,89
2026-08-12,1.0,90
2025-12-01,0.9,91
2026-01-16,0.9,92
2026-07-04,0.9,93
2025-10-30,0.8,94
2026-06-05,0.8,95
2026-07-23,0.8,96
2025-11-12,0.7,97
2026-01-05,0.7,98
2026-08-09,0.7,99
2026-09-05,0.7,100
2025-12-07,0.6,101
2025-10-07,0.4,102
2026-02-11,0.4,103
2026-08-06,0.4,104
2026-08-20,0.4,105
2026-09-02,0.4,106
2025-11-17,0.3,107
2026-01-18,0.3,108
2026-05-15,0.3,109
2026-06-28,0.3,110
2026-02-27,0.2,111
2026-03-05,0.2,112
2026-06-07,0.2,113
2026-06-13,0.2,114
2026-06-16,0.2,115
2025-11-18,0.1,116
2026-01-17,0.1,117
2026-04-08,0.1,118
2026-04-11,0.1,119
2026-05-07,0.1,120
2026-05-08,0.1,121
2026-05-09,0.1,122
2026-05-17,0.1,123
2026-05-24,0.1,124
2026-06-29,0.1,125
2026-07-05,0.1,126
2026-07-17,0.1,127
2026-07-20,0.1,128
2026-08-28,0.1,129
2026-09-01,0.1,130
2026-09-08,0.1,131
2026-09-15,0.1,132
2025-09-29,0.0,133
2025-09-30,0.0,134
2025-10-01,0.0,135
2025-10-02,0.0,136
2025-10-04,0.0,137
2025-10-05,0.0,138
2025-10-06,0.0,139
2025-10-08,0.0,140
2025-10-11,0.0,141
2025-10-12,0.0,142
2025-10-13,0.0,143
2025-10-14,0.0,144
2025-10-15,0.0,145
2025-10-16,0.0,146
2025-10-17,0.0,147
2025-10-18,0.0,148
2025-10-19,0.0,149
2025-10-20,0.0,150
2025-10-25,0.0,151
2025-10-26,0.0,152
2025-10-29,0.0,153
2025-10-31,0.0,154
2025-11-02,0.0,155
2025-11-03,0.0,156
2025-11-06,0.0,157
2025-11-07,0.0,158
2025-11-08,0.0,159
2025-11-09,0.0,160
2025-11-10,0.0,161
2025-11-11,0.0,162
2025-11-13,0.0,163
2025-11-14,0.0,164
2025-11-19,0.0,165
2025-11-20,0.0,166
2025-11-21,0.0,167
2025-11-22,0.0,168
2025-11-25,0.0,169
2025-11-27,0.0,170
2025-11-28,0.0,171
2025-11-29,0.0,172
2025-12-03,0.0,173
2025-12-04,0.0,174
2025-12-05,0.0,175
2025-12-06,0.0,176
2025-12-08,0.0,177
2025-12-09,0.0,178
2025-12-10,0.0,179
2025-12-11,0.0,180
2025-12-12,0.0,181
2025-12-13,0.0,182
2025-12-15,0.0,183
2025-12-16,0.0,184
2025-12-17,0.0,185
2025-12-18,0.0,186
2025-12-19,0.0,187
2025-12-23,0.0,188
2025-12-24,0.0,189
2025-12-25,0.0,190
2025-12-26,0.0,191
2025-12-27,0.0,192
2025-12-28,0.0,193
2025-12-29,0.0,194
2025-12-30,0.0,195
2025-12-31,0.0,196
2026-01-02,0.0,197
2026-01-03,0.0,198
2026-01-04,0.0,199
2026-01-06,0.0,200
2026-01-07,0.0,201
2026-01-08,0.0,202
2026-01-09,0.0,203
2026-01-10,0.0,204
2026-01-11,0.0,205
2026-01-12,0.0,206
2026-01-13,0.0,207
2026-01-14,0.0,208
2026-01-19,0.0,209
2026-01-20,0.0,210
2026-01-21,0.0,211
2026-01-22,0.0,212
2026-01-23,0.0,213
2026-01-24,0.0,214
2026-01-25,0.0,215
2026-01-26,0.0,216
2026-01-27,0.0,217
2026-01-28,0.0,218
2026-01-29,0.0,219
2026-01-30,0.0,220
2026-01-31,0.0,221
2026-02-01,0.0,222
2026-02-03,0.0,223
2026-02-04,0.0,224
2026-02-05,0.0,225
2026-02-06,0.0,226
2026-02-07,0.0,227
2026-02-13,0.0,228
2026-02-14,0.0,229
2026-02-15,0.0,230
2026-02-16,0.0,231
2026-02-17,0.0,232
2026-02-18,0.0,233
2026-02-19,0.0,234
2026-02-20,0.0,235
2026-02-21,0.0,236
2026-02-22,0.0,237
2026-02-24,0.0,238
2026-02-25,0.0,239
2026-03-01,0.0,240
2026-03-06,0.0,241
2026-03-07,0.0,242
2026-03-09,0.0,243
2026-03-10,0.0,244
2026-03-11,0.0,245
2026-03-12,0.0,246
2026-03-14,0.0,247
2026-03-15,0.0,248
2026-03-16,0.0,249
2026-03-17,0.0,250
2026-03-21,0.0,251
2026-03-23,0.0,252
2026-03-24,0.0,253
2026-03-25,0.0,254
2026-03-26,0.0,255
2026-03-29,0.0,256
2026-03-30,0.0,257
2026-03-31,0.0,258
2026-04-01,0.0,259
2026-04-02,0.0,260
2026-04-03,0.0,261
2026-04-04,0.0,262
2026-04-05,0.0,263
2026-04-09,0.0,264
2026-04-12,0.0,265
2026-04-13,0.0,266
2026-04-14,0.0,267
2026-04-15,0.0,268
2026-04-16,0.0,269
2026-04-17,0.0,270
2026-04-18,0.0,271
2026-04-19,0.0,272
2026-04-20,0.0,273
2026-04-21,0.0,274
2026-04-22,0.0,275
2026-04-23,0.0,276
2026-04-24,0.0,277
2026-04-25,0.0,278
2026-04-26,0.0,279
2026-04-27,0.0,280
2026-04-28,0.0,281
2026-04-29,0.0,282
2026-04-30,0.0,283
2026-05-01,0.0,284
2026-05-02,0.0,285
2026-05-06,0.0,286
2026-05-10,0.0,287
2026-05-11,0.0,288
2026-05-12,0.0,289
2026-05-13,0.0,290
2026-05-16,0.0,291
2026-05-21,0.0,292
2026-05-22,0.0,293
2026-05-23,0.0,294
2026-05-25,0.0,295
2026-05-28,0.0,296
2026-05-29,0.0,297
2026-05-30,0.0,298
2026-06-01,0.0,299
2026-06-06,0.0,300
2026-06-08,0.0,301
2026-06-09,0.0,302
2026-06-15,0.0,303
2026-06-18,0.0,304
2026-06-23,0.0,305
2026-06-24,0.0,306
2026-06-25,0.0,307
2026-06-26,0.0,308
2026-06-27,0.0,309
2026-07-06,0.0,310
2026-07-07,0.0,311
2026-07-08,0.0,312
2026-07-09,0.0,313
2026-07-10,0.0,314
2026-07-11,0.0,315
2026-07-16,0.0,316
2026-07-18,0.0,317
2026-07-19,0.0,318
2026-07-21,0.0,319
2026-07-22,0.0,320
2026-07-24,0.0,321
2026-07-25,0.0,322
2026-07-26,0.0,323
2026-07-27,0.0,324
2026-07-28,0.0,325
2026-07-30,0.0,326
2026-07-31,0.0,327
2026-08-01,0.0,328
2026-08-02,0.0,329
2026-08-03,0.0,330
2026-08-04,0.0,331
2026-08-07,0.0,332
2026-08-08,0.0,333
2026-08-14,0.0,334
2026-08-15,0.0,335
2026-08-16,0.0,336
2026-08-18,0.0,337
2026-08-19,0.0,338
2026-08-22,0.0,339
2026-08-23,0.0,340
2026-08-24,0.0,341
2026-08-29,0.0,342
2026-08-30,0.0,343
2026-08-31,0.0,344
2026-09-04,0.0,345
2026-09-07,0.0,346
2026-09-09,0.0,347
2026-09-10,0.0,348
2026-09-11,0.0,349
2026-09-12,0.0,350
2026-09-13,0.0,351
2026-09-14,0.0,352
2026-09-16,0.0,353
2026-09-17,0.0,354
2026-09-18,0.0,355
2026-09-19,0.0,356
2026-09-20,0.0,357
2026-09-21,0.0,358
2026-09-22,0.0,359
2026-09-23,0.0,360
2026-09-24,0.0,361
2026-09-25,0.0,362
2026-09-26,0.0,363
2026-09-27,0.0,364
2026-09-28,0.0,365
