event_id,device,scenario,gap_policy,offset_pp,offset_time_range_pp
past_year_daily_20260303,WS-201f28e185df,baseline,daily,0.0,0.0
past_year_daily_20260303,WS-201f28e185df,moderate_1m,daily,-0.5658994945606093,3.552713678800501e-15
past_year_daily_20260303,WS-201f28e185df,strong_4m,daily,-1.5514546028717398,0.0
past_year_daily_20260303,WS-4aa144a4eafe,baseline,daily,0.0,0.0
past_year_daily_20260303,WS-4aa144a4eafe,moderate_1m,daily,0.0,0.0
past_year_daily_20260303,WS-4aa144a4eafe,strong_4m,daily,0.0,0.0
past_year_daily_20260303,WS-555215c413db,baseline,daily,0.0,0.0
past_year_daily_20260303,WS-555215c413db,moderate_1m,daily,0.0,0.0
past_year_daily_20260303,WS-555215c413db,strong_4m,daily,0.0,0.0
past_year_daily_20260303,WS-57c7afe16ae1,baseline,daily,0.0,0.0
past_year_daily_20260303,WS-57c7afe16ae1,moderate_1m,daily,0.0,0.0
past_year_daily_20260303,WS-57c7afe16ae1,strong_4m,daily,0.0,0.0
past_year_daily_20260303,WS-a2f10ef43bc1,baseline,daily,0.0,0.0
past_year_daily_20260303,WS-a2f10ef43bc1,moderate_1m,daily,0.0020308010290222,0.0
past_year_daily_20260303,WS-a2f10ef43bc1,strong_4m,daily,0.009049518300994208,0.0
past_year_daily_20260303,WS-a84d3fd5d4ca,baseline,daily,0.0,0.0
past_year_daily_20260303,WS-a84d3fd5d4ca,moderate_1m,daily,0.0,0.0
past_year_daily_20260303,WS-a84d3fd5d4ca,strong_4m,daily,0.0,0.0
past_year_daily_20260303,WS-f575dcdea0dc,baseline,daily,0.0,0.0
past_year_daily_20260303,WS-f575dcdea0dc,moderate_1m,daily,-0.38370557931266885,3.552713678800501e-15
past_year_daily_20260303,WS-f575dcdea0dc,strong_4m,daily,-2.272530169492189,0.0
past_year_daily_20251222,WS-201f28e185df,baseline,daily,0.0,0.0
past_year_daily_20251222,WS-201f28e185df,moderate_1m,daily,-0.5658994945606088,3.552713678800501e-15
past_year_daily_20251222,WS-201f28e185df,strong_4m,daily,-1.5514546028717398,0.0
past_year_daily_20251222,WS-4aa144a4eafe,baseline,daily,0.0,0.0
past_year_daily_20251222,WS-4aa144a4eafe,moderate_1m,daily,0.0,0.0
past_year_daily_20251222,WS-4aa144a4eafe,strong_4m,daily,0.0,0.0
past_year_daily_20251222,WS-555215c413db,baseline,daily,0.0,0.0
past_year_daily_20251222,WS-555215c413db,moderate_1m,daily,0.0,0.0
past_year_daily_20251222,WS-555215c413db,strong_4m,daily,0.0,0.0
past_year_daily_20251222,WS-57c7afe16ae1,baseline,daily,0.0,0.0
past_year_daily_20251222,WS-57c7afe16ae1,moderate_1m,daily,0.0,0.0
past_year_daily_20251222,WS-57c7afe16ae1,strong_4m,daily,0.0,0.0
past_year_daily_20251222,WS-a2f10ef43bc1,baseline,daily,0.0,0.0
past_year_daily_20251222,WS-a2f10ef43bc1,moderate_1m,daily,0.0020308010290222,0.0
past_year_daily_20251222,WS-a2f10ef43bc1,strong_4m,daily,0.009049518300994208,0.0
past_year_daily_20251222,WS-a84d3fd5d4ca,baseline,daily,0.0,0.0
past_year_daily_20251222,WS-a84d3fd5d4ca,moderate_1m,daily,0.0,0.0
past_year_daily_20251222,WS-a84d3fd5d4ca,strong_4m,daily,0.0,0.0
past_year_daily_20251222,WS-f575dcdea0dc,baseline,daily,0.0,0.0
past_year_daily_20251222,WS-f575dcdea0dc,moderate_1m,daily,-0.38370557931266913,3.552713678800501e-15
past_year_daily_20251222,WS-f575dcdea0dc,strong_4m,daily,-2.272530169492189,0.0
past_year_daily_20260208,WS-201f28e185df,baseline,daily,0.0,0.0
past_year_daily_20260208,WS-201f28e185df,moderate_1m,daily,-0.5658994945606094,3.552713678800501e-15
past_year_daily_20260208,WS-201f28e185df,strong_4m,daily,-1.5514546028717398,0.0
past_year_daily_20260208,WS-4aa144a4eafe,baseline,daily,0.0,0.0
past_year_daily_20260208,WS-4aa144a4eafe,moderate_1m,daily,0.0,0.0
past_year_daily_20260208,WS-4aa144a4eafe,strong_4m,daily,0.0,0.0
past_year_daily_20260208,WS-555215c413db,baseline,daily,0.0,0.0
past_year_daily_20260208,WS-555215c413db,moderate_1m,daily,0.0,0.0
past_year_daily_20260208,WS-555215c413db,strong_4m,daily,0.0,0.0
past_year_daily_20260208,WS-57c7afe16ae1,baseline,daily,0.0,0.0
past_year_daily_20260208,WS-57c7afe16ae1,moderate_1m,daily,0.0,0.0
past_year_daily_20260208,WS-57c7afe16ae1,strong_4m,daily,0.0,0.0
past_year_daily_20260208,WS-a2f10ef43bc1,baseline,daily,0.0,0.0
past_year_daily_20260208,WS-a2f10ef43bc1,moderate_1m,daily,0.0020308010290222,0.0
past_year_daily_20260208,WS-a2f10ef43bc1,strong_4m,daily,0.009049518300994208,0.0
past_year_daily_20260208,WS-a84d3fd5d4ca,baseline,daily,0.0,0.0
past_year_daily_20260208,WS-a84d3fd5d4ca,moderate_1m,daily,0.0,0.0
past_year_daily_20260208,WS-a84d3fd5d4ca,strong_4m,daily,0.0,0.0
past_year_daily_20260208,WS-f575dcdea0dc,baseline,daily,0.0,0.0
past_year_daily_20260208,WS-f575dcdea0dc,moderate_1m,daily,-0.38370557931266963,1.7763568394002505e-15
past_year_daily_20260208,WS-f575dcdea0dc,strong_4m,daily,-2.272530169492189,0.0
historical_hourly_20250726,WS-201f28e185df,baseline,silo_fraction,0.0,0.0
historical_hourly_20250726,WS-201f28e185df,moderate_1m,silo_fraction,-0.5658994945606083,3.552713678800501e-15
historical_hourly_20250726,WS-201f28e185df,strong_4m,silo_fraction,-1.5514546028717398,0.0
historical_hourly_20250726,WS-201f28e185df,baseline,zero_missing,0.0,0.0
historical_hourly_20250726,WS-201f28e185df,moderate_1m,zero_missing,-0.5658994945606084,3.552713678800501e-15
historical_hourly_20250726,WS-201f28e185df,strong_4m,zero_missing,-1.5514546028717398,0.0
historical_hourly_20250726,WS-4aa144a4eafe,baseline,silo_fraction,0.0,0.0
historical_hourly_20250726,WS-4aa144a4eafe,moderate_1m,silo_fraction,0.0,0.0
historical_hourly_20250726,WS-4aa144a4eafe,strong_4m,silo_fraction,0.0,0.0
historical_hourly_20250726,WS-4aa144a4eafe,baseline,zero_missing,0.0,0.0
historical_hourly_20250726,WS-4aa144a4eafe,moderate_1m,zero_missing,0.0,0.0
historical_hourly_20250726,WS-4aa144a4eafe,strong_4m,zero_missing,0.0,0.0
historical_hourly_20250726,WS-555215c413db,baseline,silo_fraction,0.0,0.0
historical_hourly_20250726,WS-555215c413db,moderate_1m,silo_fraction,0.0,0.0
historical_hourly_20250726,WS-555215c413db,strong_4m,silo_fraction,0.0,0.0
historical_hourly_20250726,WS-555215c413db,baseline,zero_missing,0.0,0.0
historical_hourly_20250726,WS-555215c413db,moderate_1m,zero_missing,0.0,0.0
historical_hourly_20250726,WS-555215c413db,strong_4m,zero_missing,0.0,0.0
historical_hourly_20250726,WS-57c7afe16ae1,baseline,silo_fraction,0.0,0.0
historical_hourly_20250726,WS-57c7afe16ae1,moderate_1m,silo_fraction,0.0,0.0
historical_hourly_20250726,WS-57c7afe16ae1,strong_4m,silo_fraction,0.0,0.0
historical_hourly_20250726,WS-57c7afe16ae1,baseline,zero_missing,0.0,0.0
historical_hourly_20250726,WS-57c7afe16ae1,moderate_1m,zero_missing,0.0,0.0
historical_hourly_20250726,WS-57c7afe16ae1,strong_4m,zero_missing,0.0,0.0
historical_hourly_20250726,WS-a2f10ef43bc1,baseline,silo_fraction,0.0,0.0
historical_hourly_20250726,WS-a2f10ef43bc1,moderate_1m,silo_fraction,0.0020308010290222,0.0
historical_hourly_20250726,WS-a2f10ef43bc1,strong_4m,silo_fraction,0.009049518300994208,0.0
historical_hourly_20250726,WS-a2f10ef43bc1,baseline,zero_missing,0.0,0.0
historical_hourly_20250726,WS-a2f10ef43bc1,moderate_1m,zero_missing,0.0020308010290222,0.0
historical_hourly_20250726,WS-a2f10ef43bc1,strong_4m,zero_missing,0.009049518300994208,0.0
historical_hourly_20250726,WS-a84d3fd5d4ca,baseline,silo_fraction,0.0,0.0
historical_hourly_20250726,WS-a84d3fd5d4ca,moderate_1m,silo_fraction,0.0,0.0
historical_hourly_20250726,WS-a84d3fd5d4ca,strong_4m,silo_fraction,0.0,0.0
historical_hourly_20250726,WS-a84d3fd5d4ca,baseline,zero_missing,0.0,0.0
historical_hourly_20250726,WS-a84d3fd5d4ca,moderate_1m,zero_missing,0.0,0.0
historical_hourly_20250726,WS-a84d3fd5d4ca,strong_4m,zero_missing,0.0,0.0
historical_hourly_20250726,WS-f575dcdea0dc,baseline,silo_fraction,0.0,0.0
historical_hourly_20250726,WS-f575dcdea0dc,moderate_1m,silo_fraction,-0.3837055793126689,3.552713678800501e-15
historical_hourly_20250726,WS-f575dcdea0dc,strong_4m,silo_fraction,-2.272530169492189,0.0
historical_hourly_20250726,WS-f575dcdea0dc,baseline,zero_missing,0.0,0.0
historical_hourly_20250726,WS-f575dcdea0dc,moderate_1m,zero_missing,-0.38370557931266897,3.552713678800501e-15
historical_hourly_20250726,WS-f575dcdea0dc,strong_4m,zero_missing,-2.272530169492189,0.0
historical_hourly_20250706,WS-201f28e185df,baseline,silo_fraction,0.0,0.0
historical_hourly_20250706,WS-201f28e185df,moderate_1m,silo_fraction,-0.5658994945606084,3.552713678800501e-15
historical_hourly_20250706,WS-201f28e185df,strong_4m,silo_fraction,-1.5514546028717398,0.0
historical_hourly_20250706,WS-201f28e185df,baseline,zero_missing,0.0,0.0
historical_hourly_20250706,WS-201f28e185df,moderate_1m,zero_missing,-0.5658994945606085,3.552713678800501e-15
historical_hourly_20250706,WS-201f28e185df,strong_4m,zero_missing,-1.5514546028717398,0.0
historical_hourly_20250706,WS-4aa144a4eafe,baseline,silo_fraction,0.0,0.0
historical_hourly_20250706,WS-4aa144a4eafe,moderate_1m,silo_fraction,0.0,0.0
historical_hourly_20250706,WS-4aa144a4eafe,strong_4m,silo_fraction,0.0,0.0
historical_hourly_20250706,WS-4aa144a4eafe,baseline,zero_missing,0.0,0.0
historical_hourly_20250706,WS-4aa144a4eafe,moderate_1m,zero_missing,0.0,0.0
historical_hourly_20250706,WS-4aa144a4eafe,strong_4m,zero_missing,0.0,0.0
historical_hourly_20250706,WS-555215c413db,baseline,silo_fraction,0.0,0.0
historical_hourly_20250706,WS-555215c413db,moderate_1m,silo_fraction,0.0,0.0
historical_hourly_20250706,WS-555215c413db,strong_4m,silo_fraction,0.0,0.0
historical_hourly_20250706,WS-555215c413db,baseline,zero_missing,0.0,0.0
historical_hourly_20250706,WS-555215c413db,moderate_1m,zero_missing,0.0,0.0
historical_hourly_20250706,WS-555215c413db,strong_4m,zero_missing,0.0,0.0
historical_hourly_20250706,WS-57c7afe16ae1,baseline,silo_fraction,0.0,0.0
historical_hourly_20250706,WS-57c7afe16ae1,moderate_1m,silo_fraction,0.0,0.0
historical_hourly_20250706,WS-57c7afe16ae1,strong_4m,silo_fraction,0.0,0.0
historical_hourly_20250706,WS-57c7afe16ae1,baseline,zero_missing,0.0,0.0
historical_hourly_20250706,WS-57c7afe16ae1,moderate_1m,zero_missing,0.0,0.0
historical_hourly_20250706,WS-57c7afe16ae1,strong_4m,zero_missing,0.0,0.0
historical_hourly_20250706,WS-a2f10ef43bc1,baseline,silo_fraction,0.0,0.0
historical_hourly_20250706,WS-a2f10ef43bc1,moderate_1m,silo_fraction,0.0020308010290222,0.0
historical_hourly_20250706,WS-a2f10ef43bc1,strong_4m,silo_fraction,0.009049518300994208,0.0
historical_hourly_20250706,WS-a2f10ef43bc1,baseline,zero_missing,0.0,0.0
historical_hourly_20250706,WS-a2f10ef43bc1,moderate_1m,zero_missing,0.0020308010290222,0.0
historical_hourly_20250706,WS-a2f10ef43bc1,strong_4m,zero_missing,0.009049518300994208,0.0
historical_hourly_20250706,WS-a84d3fd5d4ca,baseline,silo_fraction,0.0,0.0
historical_hourly_20250706,WS-a84d3fd5d4ca,moderate_1m,silo_fraction,0.0,0.0
historical_hourly_20250706,WS-a84d3fd5d4ca,strong_4m,silo_fraction,0.0,0.0
historical_hourly_20250706,WS-a84d3fd5d4ca,baseline,zero_missing,0.0,0.0
historical_hourly_20250706,WS-a84d3fd5d4ca,moderate_1m,zero_missing,0.0,0.0
historical_hourly_20250706,WS-a84d3fd5d4ca,strong_4m,zero_missing,0.0,0.0
historical_hourly_20250706,WS-f575dcdea0dc,baseline,silo_fraction,0.0,0.0
historical_hourly_20250706,WS-f575dcdea0dc,moderate_1m,silo_fraction,-0.3837055793126688,3.552713678800501e-15
historical_hourly_20250706,WS-f575dcdea0dc,strong_4m,silo_fraction,-2.272530169492189,0.0
historical_hourly_20250706,WS-f575dcdea0dc,baseline,zero_missing,0.0,0.0
historical_hourly_20250706,WS-f575dcdea0dc,moderate_1m,zero_missing,-0.38370557931266897,3.552713678800501e-15
historical_hourly_20250706,WS-f575dcdea0dc,strong_4m,zero_missing,-2.272530169492189,0.0
historical_hourly_20250624,WS-201f28e185df,baseline,silo_fraction,0.0,0.0
historical_hourly_20250624,WS-201f28e185df,moderate_1m,silo_fraction,-0.5658994945606085,3.552713678800501e-15
historical_hourly_20250624,WS-201f28e185df,strong_4m,silo_fraction,-1.5514546028717398,0.0
historical_hourly_20250624,WS-201f28e185df,baseline,zero_missing,0.0,0.0
historical_hourly_20250624,WS-201f28e185df,moderate_1m,zero_missing,-0.5658994945606084,3.552713678800501e-15
historical_hourly_20250624,WS-201f28e185df,strong_4m,zero_missing,-1.5514546028717398,0.0
historical_hourly_20250624,WS-4aa144a4eafe,baseline,silo_fraction,0.0,0.0
historical_hourly_20250624,WS-4aa144a4eafe,moderate_1m,silo_fraction,0.0,0.0
historical_hourly_20250624,WS-4aa144a4eafe,strong_4m,silo_fraction,0.0,0.0
historical_hourly_20250624,WS-4aa144a4eafe,baseline,zero_missing,0.0,0.0
historical_hourly_20250624,WS-4aa144a4eafe,moderate_1m,zero_missing,0.0,0.0
historical_hourly_20250624,WS-4aa144a4eafe,strong_4m,zero_missing,0.0,0.0
historical_hourly_20250624,WS-555215c413db,baseline,silo_fraction,0.0,0.0
historical_hourly_20250624,WS-555215c413db,moderate_1m,silo_fraction,0.0,0.0
historical_hourly_20250624,WS-555215c413db,strong_4m,silo_fraction,0.0,0.0
historical_hourly_20250624,WS-555215c413db,baseline,zero_missing,0.0,0.0
historical_hourly_20250624,WS-555215c413db,moderate_1m,zero_missing,0.0,0.0
historical_hourly_20250624,WS-555215c413db,strong_4m,zero_missing,0.0,0.0
historical_hourly_20250624,WS-57c7afe16ae1,baseline,silo_fraction,0.0,0.0
historical_hourly_20250624,WS-57c7afe16ae1,moderate_1m,silo_fraction,0.0,0.0
historical_hourly_20250624,WS-57c7afe16ae1,strong_4m,silo_fraction,0.0,0.0
historical_hourly_20250624,WS-57c7afe16ae1,baseline,zero_missing,0.0,0.0
historical_hourly_20250624,WS-57c7afe16ae1,moderate_1m,zero_missing,0.0,0.0
historical_hourly_20250624,WS-57c7afe16ae1,strong_4m,zero_missing,0.0,0.0
historical_hourly_20250624,WS-a2f10ef43bc1,baseline,silo_fraction,0.0,0.0
historical_hourly_20250624,WS-a2f10ef43bc1,moderate_1m,silo_fraction,0.0020308010290222,0.0
historical_hourly_20250624,WS-a2f10ef43bc1,strong_4m,silo_fraction,0.009049518300994208,0.0
historical_hourly_20250624,WS-a2f10ef43bc1,baseline,zero_missing,0.0,0.0
historical_hourly_20250624,WS-a2f10ef43bc1,moderate_1m,zero_missing,0.0020308010290222,0.0
historical_hourly_20250624,WS-a2f10ef43bc1,strong_4m,zero_missing,0.009049518300994208,0.0
historical_hourly_20250624,WS-a84d3fd5d4ca,baseline,silo_fraction,0.0,0.0
historical_hourly_20250624,WS-a84d3fd5d4ca,moderate_1m,silo_fraction,0.0,0.0
historical_hourly_20250624,WS-a84d3fd5d4ca,strong_4m,silo_fraction,0.0,0.0
historical_hourly_20250624,WS-a84d3fd5d4ca,baseline,zero_missing,0.0,0.0
historical_hourly_20250624,WS-a84d3fd5d4ca,moderate_1m,zero_missing,0.0,0.0
historical_hourly_20250624,WS-a84d3fd5d4ca,strong_4m,zero_missing,0.0,0.0
historical_hourly_20250624,WS-f575dcdea0dc,baseline,silo_fraction,0.0,0.0
historical_hourly_20250624,WS-f575dcdea0dc,moderate_1m,silo_fraction,-0.3837055793126688,3.552713678800501e-15
historical_hourly_20250624,WS-f575dcdea0dc,strong_4m,silo_fraction,-2.272530169492189,0.0
historical_hourly_20250624,WS-f575dcdea0dc,baseline,zero_missing,0.0,0.0
historical_hourly_20250624,WS-f575dcdea0dc,moderate_1m,zero_missing,-0.38370557931266897,3.552713678800501e-15
historical_hourly_20250624,WS-f575dcdea0dc,strong_4m,zero_missing,-2.272530169492189,0.0
