device,label,is_gully,scenario,incision_at_sensor_m,elevation,slope,twi,accumulation
WS-201f28e185df,EOG,True,baseline,0.0,427.5592346191406,13.558080311123378,2.520943693326543,3.0
WS-4aa144a4eafe,EER?,False,baseline,0.0,426.8507080078125,20.38690190826517,3.187063721892906,9.0
WS-555215c413db,EOR?,False,baseline,0.0,424.31231689453125,18.5312743353234,3.865609533724593,16.0
WS-57c7afe16ae1,AER,False,baseline,0.0,466.8766784667969,20.041408134448382,4.6193543660890155,37.0
WS-a2f10ef43bc1,AOG,True,baseline,0.0,468.35833740234375,20.371547852774775,7.830136506494909,934.0
WS-a84d3fd5d4ca,AOR,False,baseline,0.0,472.9408264160156,22.526478066425987,3.364973740859299,12.0
WS-f575dcdea0dc,AEG?,True,baseline,0.0,461.9272766113281,20.529433813219395,3.6902929290276227,15.0
WS-201f28e185df,EOG,True,moderate_1m,0.75,426.8092346191406,14.986522431793821,1.3178991922819938,1.0
WS-4aa144a4eafe,EER?,False,moderate_1m,0.0,426.8507080078125,20.38690190826517,3.187063721892906,9.0
WS-555215c413db,EOR?,False,moderate_1m,0.0,424.31231689453125,18.5312743353234,3.865609533724593,16.0
WS-57c7afe16ae1,AER,False,moderate_1m,0.0,466.8766784667969,20.041408134448382,4.6193543660890155,37.0
WS-a2f10ef43bc1,AOG,True,moderate_1m,1.0,467.35833740234375,20.371547852774775,7.831206597554753,935.0
WS-a84d3fd5d4ca,AOR,False,moderate_1m,0.0,472.9408264160156,22.526478066425987,3.364973740859299,12.0
WS-f575dcdea0dc,AEG?,True,moderate_1m,0.75,461.1772766113281,22.834536597767855,3.57300457686171,15.0
WS-201f28e185df,EOG,True,strong_4m,3.0,424.5592346191406,20.8162422373088,0.9670873435154148,1.0
WS-4aa144a4eafe,EER?,False,strong_4m,0.0,426.8507080078125,20.38690190826517,3.187063721892906,9.0
WS-555215c413db,EOR?,False,strong_4m,0.0,424.31231689453125,18.5312743353234,3.865609533724593,16.0
WS-57c7afe16ae1,AER,False,strong_4m,0.0,466.8766784667969,20.041408134448382,4.6193543660890155,37.0
WS-a2f10ef43bc1,AOG,True,strong_4m,4.0,464.35833740234375,20.371547852774775,7.837603207851446,941.0
WS-a84d3fd5d4ca,AOR,False,strong_4m,0.0,472.9408264160156,22.526478066425987,3.364973740859299,12.0
WS-f575dcdea0dc,AEG?,True,strong_4m,3.0,458.9272766113281,29.529801339237476,0.5683495067175287,1.0
